<?xml version="1.0"?>
<doc>
    <assembly>
        <name>Goedel.ASN</name>
    </assembly>
    <members>
        <member name="T:Goedel.ASN.Constants">
            <summary>
            Constants used for encoding and decoding ASN.1 data
            </summary>
        </member>
        <member name="F:Goedel.ASN.Constants.Boolean">
            <summary>Boolean</summary>
        </member>
        <member name="F:Goedel.ASN.Constants.Integer">
            <summary>Integer</summary>
        </member>
        <member name="F:Goedel.ASN.Constants.BitString">
            <summary>Bit string</summary>
        </member>
        <member name="F:Goedel.ASN.Constants.OctetString">
            <summary>Array of bytes</summary>
        </member>
        <member name="F:Goedel.ASN.Constants.Null">
            <summary>Null object</summary>
        </member>
        <member name="F:Goedel.ASN.Constants.ObjectIdentifier">
            <summary>Object Identifier OID</summary>
        </member>
        <member name="F:Goedel.ASN.Constants.ObjectDescriptor">
            <summary>Object descriptor</summary>
        </member>
        <member name="F:Goedel.ASN.Constants.External">
            <summary>External type</summary>
        </member>
        <member name="F:Goedel.ASN.Constants.Real">
            <summary>Floating point value</summary>
        </member>
        <member name="F:Goedel.ASN.Constants.Numerated">
            <summary>Numerated value</summary>
        </member>
        <member name="F:Goedel.ASN.Constants.Embedded">
            <summary>Embedded value</summary>
        </member>
        <member name="F:Goedel.ASN.Constants.UTF8String">
            <summary>UTF8 string</summary>
        </member>
        <member name="F:Goedel.ASN.Constants.RelativeOid">
            <summary>Part of OID</summary>
        </member>
        <member name="F:Goedel.ASN.Constants.Sequence">
            <summary>List of items</summary>
        </member>
        <member name="F:Goedel.ASN.Constants.Set">
            <summary>List of items occurring only once.</summary>
        </member>
        <member name="F:Goedel.ASN.Constants.NumericString">
            <summary>Numeric string</summary>
        </member>
        <member name="F:Goedel.ASN.Constants.PrintableString">
            <summary>Printable string</summary>
        </member>
        <member name="F:Goedel.ASN.Constants.TeletexString">
            <summary>Teletext string</summary>
        </member>
        <member name="F:Goedel.ASN.Constants.VideotexString">
            <summary>Videotext string</summary>
        </member>
        <member name="F:Goedel.ASN.Constants.IA5String">
            <summary>IA5String</summary>
        </member>
        <member name="F:Goedel.ASN.Constants.UTCTime">
            <summary>UTC time</summary>
        </member>
        <member name="F:Goedel.ASN.Constants.GeneralizedTime">
            <summary>General time.</summary>
        </member>
        <member name="F:Goedel.ASN.Constants.GraphicString">
            <summary>Graphic string</summary>
        </member>
        <member name="F:Goedel.ASN.Constants.VisibleString">
            <summary>Visible string</summary>
        </member>
        <member name="F:Goedel.ASN.Constants.GeneralString">
            <summary>Generci string</summary>
        </member>
        <member name="F:Goedel.ASN.Constants.UniversalString">
            <summary>Universal string</summary>
        </member>
        <member name="F:Goedel.ASN.Constants.CharacterString">
            <summary>Charactr string</summary>
        </member>
        <member name="F:Goedel.ASN.Constants.BMPString">
            <summary>Bitmapped string</summary>
        </member>
        <member name="T:Goedel.ASN.Root">
            <summary>
            Root class for all ASN.1 backing structures
            </summary>
        </member>
        <member name="P:Goedel.ASN.Root.OID">
            <summary>
            Object identifier of this structure.
            </summary>
        </member>
        <member name="M:Goedel.ASN.Root.DER">
            <summary>
            Return the DER encoding of this structure
            </summary>
            <returns>The DER encoded value.</returns>
        </member>
        <member name="M:Goedel.ASN.Root.Encode(Goedel.ASN.Buffer)">
            <summary>
            Write this structure to a buffer.
            </summary>
            <param name="Buffer">Buffer to write to.</param>
        </member>
        <member name="T:Goedel.ASN.ByteArrayVerbatim">
            <summary>
            ANS.1 presentation class consisting of a single byte array with no
            sequence boundaries.
            </summary>
        </member>
        <member name="P:Goedel.ASN.ByteArrayVerbatim.Data">
            <summary>
            ASN.1 member Data 
            </summary>
        </member>
        <member name="M:Goedel.ASN.ByteArrayVerbatim.Encode(Goedel.ASN.Buffer)">
            <summary>
            Write this structure to a buffer.
            </summary>
            <param name="Buffer">Buffer to write to.</param>
        </member>
        <member name="M:Goedel.ASN.ByteArrayVerbatim.Decode(Goedel.ASN.DecodeBuffer)">
             <summary>
             Decode buffer to populate class members
            
             This is done in the forward direction
             </summary>
             <param name="Buffer">The source buffer</param>
        </member>
        <member name="T:Goedel.ASN.ASN">
            <summary>
            Utility class containing static methods.
            </summary>
        </member>
        <member name="M:Goedel.ASN.ASN.OIDToArray(System.String)">
            <summary>Convert an OID value to an array of integers</summary>
            <param name="OID">The string value of the OID.</param>
            <returns>The integer values of the OID segments.</returns>
        </member>
        <member name="M:Goedel.ASN.ASN.ToBigInteger(System.Byte[])">
            <summary>
            Convert byte array to big integer
            </summary>
            <param name="Array">Array to convert</param>
            <returns>Result of conversion</returns>
        </member>
        <member name="T:Goedel.ASN.TagMode">
            <summary>
            ASN.1 data tagging modes. 
            </summary>
        </member>
        <member name="F:Goedel.ASN.TagMode.Universal">
            <summary>Intrinsic type.</summary>
        </member>
        <member name="F:Goedel.ASN.TagMode.Constructed">
            <summary>Type is constructed which is redundant as SETs and LISTs are
            always constructed.</summary>
        </member>
        <member name="F:Goedel.ASN.TagMode.Application">
            <summary></summary>
        </member>
        <member name="F:Goedel.ASN.TagMode.Context">
            <summary></summary>
        </member>
        <member name="F:Goedel.ASN.TagMode.Private">
            <summary></summary>
        </member>
        <member name="T:Goedel.ASN.ASNFlags">
            <summary>
            ASN.1 flags
            </summary>
        </member>
        <member name="F:Goedel.ASN.ASNFlags.Nil">
            <summary>No flags</summary>
        </member>
        <member name="F:Goedel.ASN.ASNFlags.Implicit">
            <summary>Tagging is implicit by position</summary>
        </member>
        <member name="F:Goedel.ASN.ASNFlags.Explicit">
            <summary>Tagging is explicit</summary>
        </member>
        <member name="F:Goedel.ASN.ASNFlags.Optional">
            <summary>The field is optional and must be tagged with the option code if present</summary>
        </member>
        <member name="F:Goedel.ASN.ASNFlags.Context">
            <summary>The field is context dependent.</summary>
        </member>
        <member name="T:Goedel.ASN.Buffer">
            <summary>
            Buffer class for assembling ASN.1 output data in DER encoding.
            </summary>
        </member>
        <member name="F:Goedel.ASN.Buffer.MaxChunk">
            <summary>
            The maximum chunk size for allocating data (defaults to 32,768)
            </summary>
        </member>
        <member name="P:Goedel.ASN.Buffer.Data">
            <summary>
            Return the value of the buffer (in a fresh zero based array)
            </summary>
        </member>
        <member name="P:Goedel.ASN.Buffer.Length">
            <summary>
            Length is calculated as buffer size - used
            </summary>
        </member>
        <member name="M:Goedel.ASN.Buffer.#ctor">
            <summary>Constructor with default initial buffer size of 1024 bytes</summary>
        </member>
        <member name="M:Goedel.ASN.Buffer.#ctor(System.Int32)">
            <summary>
            Constructor
            </summary>
            <param name="Size">Initial buffer size in bytes.</param>
        </member>
        <member name="M:Goedel.ASN.Buffer.Debug(System.String)">
            <summary>
            Debug output
            </summary>
            <param name="Tag">Tag to mark to output</param>
        </member>
        <member name="M:Goedel.ASN.Buffer.Add(System.Byte)">
            <summary>
            Add a byte to the stream
            </summary>
            <param name="data">Data to write.</param>
        </member>
        <member name="M:Goedel.ASN.Buffer.AddBase128(System.Int32)">
            <summary>
            Add a base128 encoded length tag to the buffer.
            </summary>
            <param name="data">Integer to encode</param>
        </member>
        <member name="M:Goedel.ASN.Buffer.AddTag(System.Int32,Goedel.ASN.TagMode)">
            <summary>
            Add tag to the stream
            </summary>
            <param name="data">Tag to add</param>
            <param name="mode">Tagging mode.</param>
        </member>
        <member name="M:Goedel.ASN.Buffer.AddLength(System.Int32)">
            <summary>
            Add a data length item to the stream
            </summary>
            <param name="data">The length to add</param>
        </member>
        <member name="M:Goedel.ASN.Buffer.AddOID(System.Int32[])">
            <summary>
            Add OID to the stream
            </summary>
            <param name="data">The data to add</param>
        </member>
        <member name="M:Goedel.ASN.Buffer.Encode__Sequence_Start">
            <summary>
            Start encoding a sequence
            </summary>
            <returns>Position in the buffer relative to the buffer end (always negative)</returns>
        </member>
        <member name="M:Goedel.ASN.Buffer.Encode__Sequence_End(System.Int32,System.Int32,System.Int32)">
            <summary>
            Encode end of a sequence. Note that since everything is written out 
            backwards calls to end sequences must preceed the date to begin.
            </summary>
            <param name="position">Buffer position</param>
            <param name="flags">Flags</param>
            <param name="code">Code</param>
        </member>
        <member name="M:Goedel.ASN.Buffer.Encode__Sequence_End(System.Int32)">
            <summary>
            Encode end of a sequence. Note that since everything is written out 
            backwards calls to end sequences must preceed the date to begin.
            </summary>
            <param name="position">Buffer position</param>
        </member>
        <member name="M:Goedel.ASN.Buffer.Encode__Set_Start">
            <summary>
            Start encoding a set
            </summary>
            <returns>Position in the buffer relative to the buffer end (always negative)</returns>
        </member>
        <member name="M:Goedel.ASN.Buffer.Encode__Set_End(System.Int32,System.Int32,System.Int32)">
            <summary>
            Encode end of a set. Note that since everything is written out 
            backwards calls to end sequences must preceed the date to begin.
            </summary>
            <param name="position">Buffer position</param>
            <param name="flags">Flags</param>
            <param name="code">Code</param>
        </member>
        <member name="M:Goedel.ASN.Buffer.AddTagLength(System.Int32,System.Int32,Goedel.ASN.TagMode,System.Int32,System.Int32)">
            <summary>
            Add a tag with length data
            </summary>
            <param name="position">Current buffer position</param>
            <param name="tag">Tag to add</param>
            <param name="tagMode">Tagging mode</param>
            <param name="flags">Flags</param>
            <param name="code">Code</param>
        </member>
        <member name="M:Goedel.ASN.Buffer.Encode__Any(System.Byte[],System.Int32,System.Int32)">
            <summary>
            Encode the data type
            </summary>
            <param name="data">Data to be encoded</param>
            <param name="flags">Flags</param>
            <param name="code">Code</param>
        </member>
        <member name="M:Goedel.ASN.Buffer.Encode__Boolean(System.Boolean,System.Int32,System.Int32,System.Boolean)">
            <summary>
            Encode a boolean value with default.
            </summary>
            <param name="data">Value to encode</param>
            <param name="flags">Flags</param>
            <param name="code">Code</param>
            <param name="default">The default value</param>
        </member>
        <member name="M:Goedel.ASN.Buffer.Encode__Boolean(System.Boolean,System.Int32,System.Int32)">
            <summary>
            Encode a boolean value.
            </summary>
            <param name="data">Value to encode</param>
            <param name="flags">Flags</param>
            <param name="code">Code</param>
        </member>
        <member name="M:Goedel.ASN.Buffer.Encode__Integer(System.Int32,System.Int32,System.Int32,System.Int32)">
            <summary>
            Encode an integer value with default.
            </summary>
            <param name="data">Value to encode</param>
            <param name="flags">Flags</param>
            <param name="code">Code</param>
            <param name="default">The default value</param>
        </member>
        <member name="M:Goedel.ASN.Buffer.Encode__Integer(System.Int32,System.Int32,System.Int32)">
            <summary>
            Encode a boolean value.
            </summary>
            <param name="data">Value to encode</param>
            <param name="flags">Flags</param>
            <param name="code">Code</param>
        </member>
        <member name="M:Goedel.ASN.Buffer.Encode__BigInteger(System.Byte[],System.Int32,System.Int32)">
            <summary>
            Encode a big integer value.
            </summary>
            <param name="data">The data to encode in most significant byte order.</param>
            <param name="flags">Flags</param>
            <param name="code">ASN.1 Code.</param>
        </member>
        <member name="M:Goedel.ASN.Buffer.Encode__Null(System.Int32,System.Int32)">
            <summary>
            Encode a null value.
            </summary>
            <param name="flags">ASN.1 Flags</param>
            <param name="code">ASN.1 Code</param>
        </member>
        <member name="M:Goedel.ASN.Buffer.Encode__Bits(System.Byte[],System.Int32,System.Int32)">
            <summary>
            Encode a bit field.
            </summary>
            <param name="data">Data to encode</param>
            <param name="flags">ASN.1 Flags</param>
            <param name="code">ASN.1 Code</param>
        </member>
        <member name="M:Goedel.ASN.Buffer.Encode__VBits(System.Byte[],System.Int32,System.Int32)">
            <summary>
            Encode a VBits element. The first byte in a VBits element specifies the number of
            unused bits in the last byte.
            </summary>
            <param name="data">Data to encode</param>
            <param name="flags">ASN.1 Flags</param>
            <param name="code">ASN.1 Code</param>
        </member>
        <member name="M:Goedel.ASN.Buffer.Encode__Octets(System.Byte[],System.Int32,System.Int32)">
            <summary>
            Encode a data element.
            </summary>
            <param name="data">Data to encode</param>
            <param name="flags">ASN.1 Flags</param>
            <param name="code">ASN.1 Code</param>
        </member>
        <member name="M:Goedel.ASN.Buffer.Encode__Object(Goedel.ASN.Root,System.Int32,System.Int32)">
            <summary>
            Encode a data object.
            </summary>
            <param name="data">Data to encode</param>
            <param name="flags">ASN.1 Flags</param>
            <param name="code">ASN.1 Code</param>
        </member>
        <member name="M:Goedel.ASN.Buffer.Encode__OIDRef(System.Int32[],System.Int32,System.Int32)">
            <summary>
            Encode an OID element.
            </summary>
            <param name="data">Data to encode</param>
            <param name="flags">ASN.1 Flags</param>
            <param name="code">ASN.1 Code</param>
        </member>
        <member name="M:Goedel.ASN.Buffer.Encode__Time(System.DateTime,System.Int32,System.Int32)">
            <summary>
            Encode a date-time element.
            </summary>
            <param name="data">Data to encode</param>
            <param name="flags">ASN.1 Flags</param>
            <param name="code">ASN.1 Code</param>        
        </member>
        <member name="M:Goedel.ASN.Buffer.Encode__UTCTime(System.DateTime,System.Int32,System.Int32)">
            <summary>
            Encode a UTC time element.
            </summary>
            <param name="Data">Data to encode</param>
            <param name="Flags">ASN.1 Flags</param>
            <param name="Code">ASN.1 Code</param>
        </member>
        <member name="M:Goedel.ASN.Buffer.Encode__GeneralizedTime(System.DateTime,System.Int32,System.Int32)">
            <summary>
            Encode a generalized time element.
            </summary>
            <param name="data">Data to encode</param>
            <param name="flags">ASN.1 Flags</param>
            <param name="code">ASN.1 Code</param>
        </member>
        <member name="M:Goedel.ASN.Buffer.Encode__UTF8String(System.String,System.Int32,System.Int32)">
            <summary>
            Encode a UTF8 string element.
            </summary>
            <param name="data">Data to encode</param>
            <param name="flags">ASN.1 Flags</param>
            <param name="code">ASN.1 Code</param>
        </member>
        <member name="M:Goedel.ASN.Buffer.Encode__PrintableString(System.String,System.Int32,System.Int32)">
            <summary>
            Encode a printable string element.
            </summary>
            <param name="data">Data to encode</param>
            <param name="flags">ASN.1 Flags</param>
            <param name="code">ASN.1 Code</param>
        </member>
        <member name="M:Goedel.ASN.Buffer.Encode__IA5String(System.String,System.Int32,System.Int32)">
            <summary>
            Encode a IA5String element.
            </summary>
            <param name="data">Data to encode</param>
            <param name="flags">ASN.1 Flags</param>
            <param name="code">ASN.1 Code</param>
        </member>
        <member name="M:Goedel.ASN.Buffer.Encode__BMPString(System.String,System.Int32,System.Int32)">
            <summary>
            Encode a BMP string data element.
            </summary>
            <param name="data">Data to encode</param>
            <param name="flags">ASN.1 Flags</param>
            <param name="code">ASN.1 Code</param>
        </member>
        <member name="T:Goedel.ASN.StackEntry">
            <summary>
            A stack entry framing a data region.
            </summary>
        </member>
        <member name="F:Goedel.ASN.StackEntry.StartPosition">
            <summary>
            The start position.
            </summary>
        </member>
        <member name="F:Goedel.ASN.StackEntry.EndPosition">
            <summary>
            The end position.
            </summary>
        </member>
        <member name="T:Goedel.ASN.DecodeBuffer">
            <summary>
            Buffer used to decode ASN1 data
            </summary>
        </member>
        <member name="M:Goedel.ASN.DecodeBuffer.#ctor(System.Byte[])">
            <summary>
            Create a decode buffer from the specified byte array
            </summary>
            <param name="Input">Byte array containing encoded data</param>
        </member>
        <member name="M:Goedel.ASN.DecodeBuffer.Debug(System.String)">
            <summary>
            Write out debug message during processing
            </summary>
            <param name="Text">Text to write</param>
        </member>
        <member name="M:Goedel.ASN.DecodeBuffer.Read">
            <summary>
            Read a byte from the input stream
            </summary>
            <returns></returns>
        </member>
        <member name="M:Goedel.ASN.DecodeBuffer.ReadLength">
            <summary>
            Read an ASN.1 Length value
            </summary>
            <returns>The length value read</returns>
        </member>
        <member name="M:Goedel.ASN.DecodeBuffer.Decode__Sequence_Start">
            <summary>
            Decode the start of a sequence
            </summary>
        </member>
        <member name="M:Goedel.ASN.DecodeBuffer.Decode__Sequence_End">
            <summary>
            Decode the end of a sequence
            </summary>
        </member>
        <member name="M:Goedel.ASN.DecodeBuffer.Decode__Integer(System.Int32,System.Int32)">
            <summary>
            Decode an integer
            </summary>
            <param name="Flags">ASN.1 flags</param>
            <param name="Code">ASN.1 code</param>
            <returns>The value read</returns>
        </member>
        <member name="M:Goedel.ASN.DecodeBuffer.Decode__BigInteger(System.Int32,System.Int32)">
            <summary>
            Decode a big integer.
            </summary>
            <param name="Flags">ASN.1 Flags</param>
            <param name="Code">ASN.1 Code</param>
            <returns>Big integer decoded to buffer with MSB in index 0 </returns>
        </member>
        <member name="M:Goedel.ASN.DecodeBuffer.Decode__Octets(System.Int32,System.Int32)">
            <summary>
            Decode a sequence of octets.
            </summary>
            <param name="Flags">ASN.1 Flags</param>
            <param name="Code">ASN.1 Code</param>
            <returns>Big integer decoded to buffer with MSB in index 0 </returns>
        </member>
        <member name="M:Goedel.ASN.DecodeBuffer.Decode__Object(System.Int32,System.Int32)">
            <summary>
            Decode a sequence of octets.
            </summary>
            <param name="Flags">ASN.1 Flags</param>
            <param name="Code">ASN.1 Code</param>
            <returns>Big integer decoded to buffer with MSB in index 0 </returns>
        </member>
        <member name="M:Goedel.ASN.DecodeBuffer.Decode__OIDRef(System.Int32,System.Int32)">
            <summary>
            Decode a sequence of octets.
            </summary>
            <param name="Flags">ASN.1 Flags</param>
            <param name="Code">ASN.1 Code</param>
            <returns>Big integer decoded to buffer with MSB in index 0 </returns>
        </member>
        <member name="M:Goedel.ASN.DecodeBuffer.Decode__Bits(System.Int32,System.Int32)">
            <summary>
            Decode a sequence of octets.
            </summary>
            <param name="Flags">ASN.1 Flags</param>
            <param name="Code">ASN.1 Code</param>
            <returns>Big integer decoded to buffer with MSB in index 0 </returns>
        </member>
        <member name="M:Goedel.ASN.DecodeBuffer.Decode__Time(System.Int32,System.Int32)">
            <summary>
            Decode a sequence of octets.
            </summary>
            <param name="Flags">ASN.1 Flags</param>
            <param name="Code">ASN.1 Code</param>
            <returns>Big integer decoded to buffer with MSB in index 0 </returns>
        </member>
        <member name="T:Goedel.ASN.ASNDecodingException">
            <summary>
            An error occurred in the decoding of presumed ASN.1 binary data.
            </summary>
        </member>
        <member name="P:Goedel.ASN.ASNDecodingException.ExceptionFormatDelegate">
            <summary>The exception formatting delegate. May be overriden 
            locally or globally to implement different exception formatting.</summary>
        </member>
        <member name="F:Goedel.ASN.ASNDecodingException.Templates">
            <summary>Templates for formatting response messages.</summary>
        </member>
        <member name="M:Goedel.ASN.ASNDecodingException.#ctor(System.String,System.Exception,System.Object[])">
            <summary>
            Construct instance for exception
            </summary>		
            <param name="description">Description of the error, may be used to override the 
            generated message.</param>	
            <param name="inner">Inner Exception</param>	
            <param name="args">Optional list of parameterized arguments.</param>
        </member>
        <member name="M:Goedel.ASN.ASNDecodingException._Throw(System.Object)">
            <summary>
            The public fatory delegate
            </summary>
            public static global::Goedel.Utilities.ThrowNewDelegate ThrowNew = _Throw;
        </member>
        <member name="F:Goedel.ASN.ASNDecodingException.Throw">
            <summary>
            The public fatory delegate
            </summary>
        </member>
        <member name="T:Goedel.ASN.Implementation">
            <summary>
            Construct instance for exception "Implementation restriction"
            </summary>
        </member>
        <member name="P:Goedel.ASN.Implementation.ExceptionFormatDelegate">
            <summary>The exception formatting delegate. May be overriden 
            locally or globally to implement different exception formatting.</summary>
        </member>
        <member name="F:Goedel.ASN.Implementation.Templates">
            <summary>Templates for formatting response messages.</summary>
        </member>
        <member name="M:Goedel.ASN.Implementation.#ctor(System.String,System.Exception,System.Object[])">
            <summary>
            Construct instance for exception
            </summary>		
            <param name="description">Description of the error, may be used to override the 
            generated message.</param>	
            <param name="inner">Inner Exception</param>	
            <param name="args">Optional list of parameterized arguments.</param>
        </member>
        <member name="M:Goedel.ASN.Implementation._Throw(System.Object)">
            <summary>
            The public fatory delegate
            </summary>
            public static new global::Goedel.Utilities.ThrowNewDelegate ThrowNew = _Throw;
        </member>
        <member name="F:Goedel.ASN.Implementation.Throw">
            <summary>
            The public fatory delegate
            </summary>
        </member>
        <member name="T:Goedel.ASN.InvalidLength">
            <summary>
            Construct instance for exception "Length invalid"
            </summary>
        </member>
        <member name="P:Goedel.ASN.InvalidLength.ExceptionFormatDelegate">
            <summary>The exception formatting delegate. May be overriden 
            locally or globally to implement different exception formatting.</summary>
        </member>
        <member name="F:Goedel.ASN.InvalidLength.Templates">
            <summary>Templates for formatting response messages.</summary>
        </member>
        <member name="M:Goedel.ASN.InvalidLength.#ctor(System.String,System.Exception,System.Object[])">
            <summary>
            Construct instance for exception
            </summary>		
            <param name="description">Description of the error, may be used to override the 
            generated message.</param>	
            <param name="inner">Inner Exception</param>	
            <param name="args">Optional list of parameterized arguments.</param>
        </member>
        <member name="M:Goedel.ASN.InvalidLength._Throw(System.Object)">
            <summary>
            The public fatory delegate
            </summary>
            public static new global::Goedel.Utilities.ThrowNewDelegate ThrowNew = _Throw;
        </member>
        <member name="F:Goedel.ASN.InvalidLength.Throw">
            <summary>
            The public fatory delegate
            </summary>
        </member>
        <member name="T:Goedel.ASN.IndefiniteLengthInvalid">
            <summary>
            Indefinite length not valid
            </summary>
        </member>
        <member name="P:Goedel.ASN.IndefiniteLengthInvalid.ExceptionFormatDelegate">
            <summary>The exception formatting delegate. May be overriden 
            locally or globally to implement different exception formatting.</summary>
        </member>
        <member name="F:Goedel.ASN.IndefiniteLengthInvalid.Templates">
            <summary>Templates for formatting response messages.</summary>
        </member>
        <member name="M:Goedel.ASN.IndefiniteLengthInvalid.#ctor(System.String,System.Exception,System.Object[])">
            <summary>
            Construct instance for exception
            </summary>		
            <param name="description">Description of the error, may be used to override the 
            generated message.</param>	
            <param name="inner">Inner Exception</param>	
            <param name="args">Optional list of parameterized arguments.</param>
        </member>
        <member name="M:Goedel.ASN.IndefiniteLengthInvalid._Throw(System.Object)">
            <summary>
            The public fatory delegate
            </summary>
            public static new global::Goedel.Utilities.ThrowNewDelegate ThrowNew = _Throw;
        </member>
        <member name="F:Goedel.ASN.IndefiniteLengthInvalid.Throw">
            <summary>
            The public fatory delegate
            </summary>
        </member>
        <member name="T:Goedel.ASN.LengthExceedsInput">
            <summary>
            Length exceeds data input
            </summary>
        </member>
        <member name="P:Goedel.ASN.LengthExceedsInput.ExceptionFormatDelegate">
            <summary>The exception formatting delegate. May be overriden 
            locally or globally to implement different exception formatting.</summary>
        </member>
        <member name="F:Goedel.ASN.LengthExceedsInput.Templates">
            <summary>Templates for formatting response messages.</summary>
        </member>
        <member name="M:Goedel.ASN.LengthExceedsInput.#ctor(System.String,System.Exception,System.Object[])">
            <summary>
            Construct instance for exception
            </summary>		
            <param name="description">Description of the error, may be used to override the 
            generated message.</param>	
            <param name="inner">Inner Exception</param>	
            <param name="args">Optional list of parameterized arguments.</param>
        </member>
        <member name="M:Goedel.ASN.LengthExceedsInput._Throw(System.Object)">
            <summary>
            The public fatory delegate
            </summary>
            public static new global::Goedel.Utilities.ThrowNewDelegate ThrowNew = _Throw;
        </member>
        <member name="F:Goedel.ASN.LengthExceedsInput.Throw">
            <summary>
            The public fatory delegate
            </summary>
        </member>
        <member name="T:Goedel.ASN.LengthExceedsStructure">
            <summary>
            </summary>
        </member>
        <member name="P:Goedel.ASN.LengthExceedsStructure.ExceptionFormatDelegate">
            <summary>The exception formatting delegate. May be overriden 
            locally or globally to implement different exception formatting.</summary>
        </member>
        <member name="F:Goedel.ASN.LengthExceedsStructure.Templates">
            <summary>Templates for formatting response messages.</summary>
        </member>
        <member name="M:Goedel.ASN.LengthExceedsStructure.#ctor(System.String,System.Exception,System.Object[])">
            <summary>
            Construct instance for exception
            </summary>		
            <param name="description">Description of the error, may be used to override the 
            generated message.</param>	
            <param name="inner">Inner Exception</param>	
            <param name="args">Optional list of parameterized arguments.</param>
        </member>
        <member name="M:Goedel.ASN.LengthExceedsStructure._Throw(System.Object)">
            <summary>
            The public fatory delegate
            </summary>
            public static new global::Goedel.Utilities.ThrowNewDelegate ThrowNew = _Throw;
        </member>
        <member name="F:Goedel.ASN.LengthExceedsStructure.Throw">
            <summary>
            The public fatory delegate
            </summary>
        </member>
        <member name="T:Goedel.ASN.UnExpectedData">
            <summary>
            </summary>
        </member>
        <member name="P:Goedel.ASN.UnExpectedData.ExceptionFormatDelegate">
            <summary>The exception formatting delegate. May be overriden 
            locally or globally to implement different exception formatting.</summary>
        </member>
        <member name="F:Goedel.ASN.UnExpectedData.Templates">
            <summary>Templates for formatting response messages.</summary>
        </member>
        <member name="M:Goedel.ASN.UnExpectedData.#ctor(System.String,System.Exception,System.Object[])">
            <summary>
            Construct instance for exception
            </summary>		
            <param name="description">Description of the error, may be used to override the 
            generated message.</param>	
            <param name="inner">Inner Exception</param>	
            <param name="args">Optional list of parameterized arguments.</param>
        </member>
        <member name="M:Goedel.ASN.UnExpectedData._Throw(System.Object)">
            <summary>
            The public fatory delegate
            </summary>
            public static new global::Goedel.Utilities.ThrowNewDelegate ThrowNew = _Throw;
        </member>
        <member name="F:Goedel.ASN.UnExpectedData.Throw">
            <summary>
            The public fatory delegate
            </summary>
        </member>
        <member name="T:Goedel.ASN.ExpectedSequence">
            <summary>
            </summary>
        </member>
        <member name="P:Goedel.ASN.ExpectedSequence.ExceptionFormatDelegate">
            <summary>The exception formatting delegate. May be overriden 
            locally or globally to implement different exception formatting.</summary>
        </member>
        <member name="F:Goedel.ASN.ExpectedSequence.Templates">
            <summary>Templates for formatting response messages.</summary>
        </member>
        <member name="M:Goedel.ASN.ExpectedSequence.#ctor(System.String,System.Exception,System.Object[])">
            <summary>
            Construct instance for exception
            </summary>		
            <param name="description">Description of the error, may be used to override the 
            generated message.</param>	
            <param name="inner">Inner Exception</param>	
            <param name="args">Optional list of parameterized arguments.</param>
        </member>
        <member name="M:Goedel.ASN.ExpectedSequence._Throw(System.Object)">
            <summary>
            The public fatory delegate
            </summary>
            public static new global::Goedel.Utilities.ThrowNewDelegate ThrowNew = _Throw;
        </member>
        <member name="F:Goedel.ASN.ExpectedSequence.Throw">
            <summary>
            The public fatory delegate
            </summary>
        </member>
        <member name="T:Goedel.ASN.ExpectedInteger">
            <summary>
            </summary>
        </member>
        <member name="P:Goedel.ASN.ExpectedInteger.ExceptionFormatDelegate">
            <summary>The exception formatting delegate. May be overriden 
            locally or globally to implement different exception formatting.</summary>
        </member>
        <member name="F:Goedel.ASN.ExpectedInteger.Templates">
            <summary>Templates for formatting response messages.</summary>
        </member>
        <member name="M:Goedel.ASN.ExpectedInteger.#ctor(System.String,System.Exception,System.Object[])">
            <summary>
            Construct instance for exception
            </summary>		
            <param name="description">Description of the error, may be used to override the 
            generated message.</param>	
            <param name="inner">Inner Exception</param>	
            <param name="args">Optional list of parameterized arguments.</param>
        </member>
        <member name="M:Goedel.ASN.ExpectedInteger._Throw(System.Object)">
            <summary>
            The public fatory delegate
            </summary>
            public static new global::Goedel.Utilities.ThrowNewDelegate ThrowNew = _Throw;
        </member>
        <member name="F:Goedel.ASN.ExpectedInteger.Throw">
            <summary>
            The public fatory delegate
            </summary>
        </member>
        <member name="T:Goedel.ASN.IntegerOverflow">
            <summary>
            </summary>
        </member>
        <member name="P:Goedel.ASN.IntegerOverflow.ExceptionFormatDelegate">
            <summary>The exception formatting delegate. May be overriden 
            locally or globally to implement different exception formatting.</summary>
        </member>
        <member name="F:Goedel.ASN.IntegerOverflow.Templates">
            <summary>Templates for formatting response messages.</summary>
        </member>
        <member name="M:Goedel.ASN.IntegerOverflow.#ctor(System.String,System.Exception,System.Object[])">
            <summary>
            Construct instance for exception
            </summary>		
            <param name="description">Description of the error, may be used to override the 
            generated message.</param>	
            <param name="inner">Inner Exception</param>	
            <param name="args">Optional list of parameterized arguments.</param>
        </member>
        <member name="M:Goedel.ASN.IntegerOverflow._Throw(System.Object)">
            <summary>
            The public fatory delegate
            </summary>
            public static new global::Goedel.Utilities.ThrowNewDelegate ThrowNew = _Throw;
        </member>
        <member name="F:Goedel.ASN.IntegerOverflow.Throw">
            <summary>
            The public fatory delegate
            </summary>
        </member>
        <member name="T:Goedel.ASN.NamespaceDoc">
            <summary>
            Support library for ASN.1 encoding and decoding using the ASN tool.
            </summary>
        </member>
    </members>
</doc>
